Email,Company Name,Quiz Score,AI Readiness Level,Date Submitted,Q1 Wikipedia/Knowledge Graph,Q2 Review Platforms,Q3 Reddit Discussions,Q4 Reddit Karma,Q5 Review Engagement,Q6 Media Coverage,Q7 LinkedIn/Product Hunt,Q8 Structured Data,Q9 ChatGPT Visibility,Q9 Gemini Visibility,Q9 Perplexity Visibility,Q10 Google Rankings,Knowledge Score,Community Score,Reviews Score,Media Score,LLM Score,Primary Recommendations
"final.sheets.test@gmail.com","Final Test Company","38","Not AI-Ready","8/18/2025","partial","one","few","low","occasionally","blogs","brand_only","partial","not_mentioned","not_mentioned","not_mentioned","few","9","9","10","10","0","Add Organization schema (logo, social links, description) and Product schema to your homepage. Use Google's Rich Results Test until it passes cleanly; Pick 2–3 high-intent keywords and publish optimized landing pages/blogs targeting them. Focus on winning a few page-1 spots before scaling; Encourage customers or advocates to share experiences on Reddit. Even a handful of upvoted threads boosts visibility"
"sheets.test.verification@gmail.com","Sheets Verification Co","93","AI-Ready","8/18/2025","both","multiple","multiple","high","consistently","tier1","user_driven","yes","top5","mentioned","top5","ten_plus","20","20","20","20","13","Strengthen differentiation by ensuring your brand is clearly described as a leader using category language across profiles; Release data studies or thought leadership content that press outlets want to reference"
"test.final.integration@gmail.com","Final Test Co","38","Not AI-Ready","8/18/2025","partial","one","few","low","occasionally","blogs","brand_only","partial","mentioned","not_mentioned","not_mentioned","few","9","9","10","10","0","Add Organization schema (logo, social links, description) and Product schema to your homepage. Use Google's Rich Results Test until it passes cleanly; Pick 2–3 high-intent keywords and publish optimized landing pages/blogs targeting them. Focus on winning a few page-1 spots before scaling; Encourage customers or advocates to share experiences on Reddit. Even a handful of upvoted threads boosts visibility"
"test.sheets.integration@gmail.com","Sheets Test Company","100","AI-Ready","8/18/2025","both","multiple","multiple","high","consistently","tier1","user_driven","yes","top5","top5","top5","ten_plus","20","20","20","20","20","Strengthen differentiation by ensuring your brand is clearly described as a leader using category language across profiles; Release data studies or thought leadership content that press outlets want to reference"
"test.quiz.demo@gmail.com","Quiz Test Co","38","Not AI-Ready","8/18/2025","partial","one","few","low","occasionally","blogs","brand_only","partial","not_mentioned","mentioned","not_mentioned","few","9","9","10","10","0","Add Organization schema (logo, social links, description) and Product schema to your homepage. Use Google's Rich Results Test until it passes cleanly; Pick 2–3 high-intent keywords and publish optimized landing pages/blogs targeting them. Focus on winning a few page-1 spots before scaling; Encourage customers or advocates to share experiences on Reddit. Even a handful of upvoted threads boosts visibility"
"y@gmail.com","Kommm","59","Getting There","8/18/2025","both","multiple","multiple","low","occasionally","blogs","brand_only","partial","not_mentioned","top5","not_mentioned","few","14","13","15","10","7","Add Organization schema (logo, social links, description) and Product schema to your homepage. Use Google's Rich Results Test until it passes cleanly; Pick 2–3 high-intent keywords and publish optimized landing pages/blogs targeting them. Focus on winning a few page-1 spots before scaling; Encourage customers or advocates to share experiences on Reddit. Even a handful of upvoted threads boosts visibility"
"yj@gmail.com","Kommuni","41","Getting There","8/17/2025","partial","one","none","zero","consistently","blogs","none","partial","top5","not_mentioned","not_mentioned","few","9","0","15","10","7","Add Organization schema (logo, social links, description) and Product schema to your homepage. Use Google's Rich Results Test until it passes cleanly; Pick 2–3 high-intent keywords and publish optimized landing pages/blogs targeting them. Focus on winning a few page-1 spots before scaling; Seed a Reddit discussion in a relevant subreddit (e.g. SaaS, marketing, or your vertical). Do it authentically, not as a sales pitch"
"yj@gmail.com","jo","57","Getting There","8/17/2025","both","multiple","multiple","low","occasionally","blogs","brand_only","none","top5","not_mentioned","not_mentioned","few","12","13","15","10","7","Add Organization schema (logo, social links, description) and Product schema to your homepage. Use Google's Rich Results Test until it passes cleanly; Pick 2–3 high-intent keywords and publish optimized landing pages/blogs targeting them. Focus on winning a few page-1 spots before scaling; Encourage customers or advocates to share experiences on Reddit. Even a handful of upvoted threads boosts visibility"
"y@gmail.com","jojo","79","AI-Ready","8/17/2025","partial","multiple","multiple","high","consistently","tier1","brand_only","yes","top5","not_mentioned","not_mentioned","ten_plus","15","17","20","20","7","Run a Product Hunt launch, or encourage customers/partners to tag your brand on LinkedIn for third-party mentions; Focus on Google-friendly content and news coverage since Gemini leans on Google entities and news sources; Create authoritative content on Reddit/Quora since Perplexity pulls heavily from these discussion platforms"
"j@gmail.com","TO","21","Not AI-Ready","8/17/2025","partial","one","none","zero","never","none","none","partial","not_mentioned","top5","not_mentioned","few","9","0","5","0","7","Add Organization schema (logo, social links, description) and Product schema to your homepage. Use Google's Rich Results Test until it passes cleanly; Pick 2–3 high-intent keywords and publish optimized landing pages/blogs targeting them. Focus on winning a few page-1 spots before scaling; Seed a Reddit discussion in a relevant subreddit (e.g. SaaS, marketing, or your vertical). Do it authentically, not as a sales pitch"